Geo3x3,カテゴリー,利用金額
E913876267,すべて,53553438
E913873647,すべて,95398981
E913849595,すべて,20578791
E913882475,すべて,14936328
E913876278,すべて,16705909
E913876214,すべて,9125998
E913876291,すべて,21692112
E913876249,すべて,11666559
E913846749,すべて,40561506
E913876292,すべて,6984636
E913873671,すべて,32558337
E913876288,すべて,5464917
E913849893,すべて,3507891
E913876283,すべて,3458813
E913876346,すべて,6107336
E913849882,すべて,7676426
E913845545,すべて,3204114
E913844376,すべて,6982427
E913876193,すべて,9834923
E913849894,すべて,4929766
E913844382,すべて,5138150
E913873561,すべて,3951688
E913873234,すべて,8019926
E913848987,すべて,3293198
E913873921,すべて,12583008
E913882148,すべて,3154388
E913881672,すべて,2321582
E913873922,すべて,4897462
E913873687,すべて,9582846
E913873229,すべて,4468458
E913845165,すべて,1906674
E913882317,すべて,1899948
E913881459,すべて,2895309
E913845498,すべて,1965811
E913845812,すべて,3556175
E913849891,すべて,6717387
E913844381,すべて,5550736
E913876259,すべて,3924062
E913876196,すべて,3154747
E913846744,すべて,22534966
E913846745,すべて,3288601
E913873264,すべて,9137606
E913857738,すべて,1815735
E913845816,すべて,2832057
E913846742,すべて,3779442
E913873696,すべて,1423461
E913844169,すべて,4649037
E913876246,すべて,2748924
E913846747,すべて,4478263
E913848981,すべて,1631906
E913873977,すべて,3653996
E913844373,すべて,2991433
E913873518,すべて,1513876
E913845963,すべて,2645895
E913766369,すべて,1376132
E913845213,すべて,1278308
E913873672,すべて,2719142
E913846743,すべて,1504673
E913876344,すべて,2059048
E913846741,すべて,2849219
E913846772,すべて,2606599
E913881785,すべて,1182293
E913873744,すべて,1138150
E913876341,すべて,2388601
E913881467,すべて,4305998
E913849818,すべて,1107519
E913873636,すべて,1180733
E913845966,すべて,4914995
E913873268,すべて,1763357
E913876254,すべて,2405462
E913845466,すべて,1005961
E913873657,すべて,1751773
E913873648,すべて,2246321
E913846748,すべて,2561859
E913876268,すべて,1198051
E913873654,すべて,2248049
E913876612,すべて,917050
E913849873,すべて,3000183
E913876248,すべて,1514832
E913873944,すべて,2932463
E913873231,すべて,1652067
E913848984,すべて,1169303
E913873929,すべて,803476
E913845917,すべて,783170
E913873185,すべて,773430
E913849648,すべて,761089
E913873592,すべて,3542924
E913876392,すべて,738823
E913873539,すべて,2444616
E913873261,すべて,1102379
E913881482,すべて,1046835
E913849856,すべて,707239
E913766393,すべて,1652720
E913873228,すべて,1717367
E913876257,すべて,1030084
E913873991,すべて,2063684
E913873649,すべて,2865432
E913844651,すべて,637903
E913849876,すべて,927152
E913873682,すべて,621259
E913873642,すべて,2696996
E913873238,すべて,1333008
E913845723,すべて,984530
E913845969,すべて,1014734
E913849897,すべて,1510392
E913881787,すべて,599332
E913872932,すべて,617649
E913873599,すべて,1210100
E913876247,すべて,1350655
E913873983,すべて,1907204
E913846776,すべて,903472
E913845548,すべて,946527
E913849886,すべて,1140558
E913873237,すべて,1728879
E913873275,すべて,569517
E913845546,すべて,1388470
E913873673,すべて,2862700
E913876342,すべて,1466612
E913873596,すべて,951356
E913846757,すべて,844836
E913873678,すべて,3066790
E913766367,すべて,520894
E913873562,すべて,1067713
E913873681,すべて,2178997
E913873928,すべて,892828
E913873956,すべて,615334
E913873783,すべて,508778
E913881421,すべて,703003
E913881117,すべて,490815
E913881373,すべて,791560
E913873644,すべて,508818
E913845835,すべて,856822
E913766539,すべて,483300
E913873674,すべて,639890
E913873941,すべて,1591161
E913873675,すべて,613129
E913844182,すべて,643887
E913881658,すべて,2307664
E913881623,すべて,550448
E913873676,すべて,1415394
E913876251,すべて,1519904
E913873252,すべて,810355
E913873746,すべて,429070
E913849879,すべて,1578081
E913873679,すべて,2490006
E913881676,すべて,654978
E913872316,すべて,423210
E913873947,すべて,659606
E913845998,すべて,416600
E913873677,すべて,1673046
E913844364,すべて,405446
E913881576,すべて,401963
E913873917,すべて,544527
E913881684,すべて,573334
E913873559,すべて,1050582
E913873565,すべて,717203
E913873563,すべて,513095
E913844359,すべて,692636
E913881723,すべて,367182
E913881685,すべて,432695
E913881653,すべて,458939
E913873699,すべて,491451
E913881382,すべて,544599
E913873283,すべて,926179
E913844147,すべて,356516
E913876284,すべて,382068
E913873591,すべて,855384
E913873614,すべて,889225
E913873973,すべて,347815
E913873945,すべて,560613
E913873912,すべて,599462
E913873646,すべて,771337
E913873658,すべて,399493
E913876199,すべて,547626
E913876245,すべて,1425997
E913873569,すべて,762767
E913873911,すべて,333174
E913849168,すべて,429285
E913844372,すべて,493928
E913845455,すべて,314550
E913873255,すべて,1189458
E913873918,すべて,989494
E913844167,すべて,310106
E913881714,すべて,342320
E913873685,すべて,297865
E913849884,すべて,796999
E913849881,すべて,990717
E913881348,すべて,686460
E913844384,すべて,456333
E913873967,すべて,456237
E913845727,すべて,287148
E913849854,すべて,449405
E913873595,すべて,1889340
E913848368,すべて,279740
E913844636,すべて,277205
E913873643,すべて,770036
E913873112,すべて,470509
E913849946,すべて,327986
E913872342,すべて,468939
E913873235,すべて,337145
E913873593,すべて,915697
E913873932,すべて,276694
E913873645,すべて,565735
E913873598,すべて,787971
E913873641,すべて,683537
E913873396,すべて,256825
E913846755,すべて,253304
E913873258,すべて,525697
E913873267,すべて,591700
E913881177,すべて,245552
E913873538,すべて,641998
E913873936,すべて,290918
E913881681,すべて,804096
E913873223,すべて,238139
E913881682,すべて,631202
E913881349,すべて,508632
E913873959,すべて,236002
E913881711,すべて,485840
E913873652,すべて,232390
E913873986,すべて,522752
E913881722,すべて,224796
E913849452,すべて,223129
E913849846,すべて,431625
E913873327,すべて,298148
E913844375,すべて,365498
E913881656,すべて,208250
E913881691,すべて,208184
E913849855,すべて,412087
E913873555,すべて,207386
E913873226,すべて,342990
E913849597,すべて,511320
E913873953,すべて,302540
E913849827,すべて,260870
E913873979,すべて,198152
E913873913,すべて,434491
E913873994,すべて,196040
E913881673,すべて,192679
E913873758,すべて,262788
E913873583,すべて,606430
E913873236,すべて,188784
E913881411,すべて,259572
E913845215,すべて,211384
E913873165,すべて,186102
E913873567,すべて,597848
E913845547,すべて,184980
E913873144,すべて,371814
E913881357,すべて,334261
E913841754,すべて,272652
E913873915,すべて,224397
E913845129,すべて,180233
E913844248,すべて,179027
E913848341,すべて,178930
E913873564,すべて,666280
E913849849,すべて,385126
E913881381,すべて,628451
E913873256,すべて,197813
E913873895,すべて,257266
E913873854,すべて,301840
E913872319,すべて,263899
E913876634,すべて,171415
E913881383,すべて,222918
E913881481,すべて,170314
E913845993,すべて,175437
E913873115,すべて,171644
E913876282,すべて,166496
E913845831,すべて,165658
E913873833,すべて,231124
E913872628,すべて,164037
E913881384,すべて,319856
E913849896,すべて,162132
E913876227,すべて,159002
E913873141,すべて,171461
E913849842,すべて,227250
E913873951,すべて,154792
E913846773,すべて,859056
E913881385,すべて,250160
E913857759,すべて,269446
E913844366,すべて,199049
E913873568,すべて,142994
E913873982,すべて,142764
E913849887,すべて,182931
E913849892,すべて,141631
E913873848,すべて,140537
E913881358,すべて,222159
E913849872,すべて,136440
E913873247,すべて,384455
E913873892,すべて,134884
E913872266,すべて,129980
E913873553,すべて,650870
E913845483,すべて,388592
E913876382,すべて,234215
E913849975,すべて,128520
E913849851,すべて,209843
E913845814,すべて,191070
E913849984,すべて,172257
E913858881,すべて,124011
E913766392,すべて,175299
E913766364,すべて,123184
E913848935,すべて,256631
E913881659,すべて,213276
E913873532,すべて,257876
E913873952,すべて,118783
E913844621,すべて,173508
E913873259,すべて,399849
E913876243,すべて,155507
E913873337,すべて,142838
E913876345,すべて,171755
E913881663,すべて,112085
E913849852,すべて,111015
E913873594,すべて,147740
E913876242,すべて,149913
E913845822,すべて,107876
E913845494,すべて,107510
E913873281,すべて,107020
E913849976,すべて,163311
E913848933,すべて,236174
E913873629,すべて,103637
E913873116,すべて,102155
E913873927,すべて,101675
E913876643,すべて,100000
E913766641,すべて,99085
E913876381,すべて,97791
E913844173,すべて,254433
E913845968,すべて,93972
E913845497,すべて,93890
E913873935,すべて,139680
E913845275,すべて,89432
E913873688,すべて,88500
E913873698,すべて,86829
E913881953,すべて,86450
E913845576,すべて,86406
E913848335,すべて,86115
E913881376,すべて,85053
E913873655,すべて,144517
E913873925,すべて,91006
E913881574,すべて,81604
E913844625,すべて,80412
E913844317,すべて,79687
E913872293,すべて,114808
E913881661,すべて,78613
E913881664,すべて,77748
E913876232,すべて,77086
E913845544,すべて,107708
E913872296,すべて,73968
E913876317,すべて,73737
E913876365,すべて,72518
E913845216,すべて,120915
E913845573,すべて,71360
E913872652,すべて,86300
E913849122,すべて,67202
E913873299,すべて,67000
E913873245,すべて,71358
E913845962,すべて,154495
E913845819,すべて,62554
E913872363,すべて,61332
E913845543,すべて,57133
E913849857,すべて,81176
E913873169,すべて,116762
E913849594,すべて,55679
E913849944,すべて,54973
E913849295,すべて,52122
E913849612,すべて,49795
E913844638,すべて,114430
E913845728,すべて,48980
E913881688,すべて,48937
E913849866,すべて,48914
E913873294,すべて,68477
E913873999,すべて,45477
E913876532,すべて,44321
E913872344,すべて,58106
E913845161,すべて,42122
E913844168,すべて,41182
E913766385,すべて,40743
E913873933,すべて,51947
E913845823,すべて,86844
E913881355,すべて,38720
E913844171,すべて,38350
E913846491,すべて,38050
E913876347,すべて,46311
E913873142,すべて,37661
E913881932,すべて,36810
E913872624,すべて,36506
E913881657,すべて,67974
E913848699,すべて,34668
E913873558,すべて,89966
E913844653,すべて,33365
E913848957,すべて,32680
E913876383,すべて,32640
E913873617,すべて,59199
E913873317,すべて,30057
E913876218,すべて,29864
E913873689,すべて,28924
E913845937,すべて,28403
E913882424,すべて,27133
E913848929,すべて,31000
E913844165,すべて,26655
E913873298,すべて,31240
E913844369,すべて,26208
E913845745,すべて,38480
E913882182,すべて,25591
E913881655,すべて,32226
E913849981,すべて,34340
E913876353,すべて,23730
E913844388,すべて,23563
E913873862,すべて,23380
E913849643,すべて,22970
E913873361,すべて,61296
E913849987,すべて,34715
E913844367,すべて,21680
E913873618,すべて,33904
E913846746,すべて,20940
E913845211,すべて,20859
E913881512,すべて,20211
E913873759,すべて,20000
E913873942,すべて,19843
E913873976,すべて,43189
E913873631,すべて,19000
E913876274,すべて,18936
E913845427,すべて,18600
E913849868,すべて,26262
E913848952,すべて,18000
E913873661,すべて,17999
E913873824,すべて,16248
E913848362,すべて,16000
E913873117,すべて,16000
E913873295,すべて,14950
E913844358,すべて,14708
E913844387,すべて,37709
E913876611,すべて,13669
E913845627,すべて,13395
E913873282,すべて,12760
E913849113,すべて,12650
E913873533,すべて,12606
E913873825,すべて,12100
E913845154,すべて,11499
E913876279,すべて,11295
E913881476,すべて,11130
E913848954,すべて,11000
E913849535,すべて,21150
E913766357,すべて,9174
E913873651,すべて,8900
E913873324,すべて,8659
E913841858,すべて,8527
E913876343,すべて,8430
E913849843,すべて,8270
E913873535,すべて,7800
E913876234,すべて,7000
E913849473,すべて,10870
E913873898,すべて,6802
E913845832,すべて,6104
E913873212,すべて,6000
E913873566,すべて,6000
E913841883,すべて,5981
E913849534,すべて,5730
E913873233,すべて,4470
E913881197,すべて,4400
E913881388,すべて,4000
E913849754,すべて,4000
E913873135,すべて,4000
E913881589,すべて,3910
E913873253,すべて,3000
E913872374,すべて,3000
E913873916,すべて,2110
E913844192,すべて,2000
E913849878,すべて,2000
E913872321,すべて,1800
E913873597,すべて,1680
E913849477,すべて,1500
E913873556,すべて,1000
E913873939,すべて,724
E913873684,すべて,660
E913846749,飲食店,13644363
E913873671,飲食店,23363291
E913849893,飲食店,3502091
E913876193,飲食店,8384244
E913873647,飲食店,33775942
E913881459,飲食店,2742004
E913846742,飲食店,2000893
E913845963,飲食店,1296019
E913849882,飲食店,1367967
E913846744,飲食店,5929112
E913881785,飲食店,1180323
E913873672,飲食店,1315387
E913873636,飲食店,1099830
E913881467,飲食店,2337284
E913873657,飲食店,1319427
E913873648,飲食店,1592827
E913873234,飲食店,1949010
E913876248,飲食店,867077
E913876196,飲食店,1349659
E913876291,飲食店,987616
E913873264,飲食店,3564996
E913849894,飲食店,1289006
E913876259,飲食店,808848
E913876346,飲食店,1253141
E913876247,飲食店,1061403
E913846776,飲食店,903472
E913873237,飲食店,1633765
E913845546,飲食店,1039215
E913849873,飲食店,809141
E913846747,飲食店,1037331
E913873678,飲食店,1399117
E913873592,飲食店,1058548
E913873921,飲食店,3421651
E913873644,飲食店,508818
E913876254,飲食店,790723
E913873922,飲食店,1123000
E913849891,飲食店,1569992
E913873687,飲食店,2232058
E913876251,飲食店,1037894
E913845966,飲食店,2011549
E913849595,飲食店,1217589
E913876267,飲食店,2773206
E913872316,飲食店,423210
E913873679,飲食店,1278555
E913873947,飲食店,481136
E913845969,飲食店,400659
E913844381,飲食店,747917
E913881685,飲食店,432695
E913876283,飲食店,357403
E913846772,飲食店,884546
E913873591,飲食店,467444
E913873229,飲食店,680792
E913844373,飲食店,1185964
E913873561,飲食店,573890
E913876245,飲食店,924166
E913873569,飲食店,581674
E913849168,飲食店,317920
E913845812,飲食店,606310
E913844376,飲食店,479886
E913849881,飲食店,522756
E913873944,飲食店,816732
E913873654,飲食店,513877
E913873983,飲食店,533062
E913876341,飲食店,297701
E913872342,飲食店,284285
E913873598,飲食店,276903
E913846741,飲食店,479926
E913881177,飲食店,245552
E913844382,飲食店,630390
E913881658,飲食店,903572
E913881681,飲食店,780727
E913876342,飲食店,237966
E913849876,飲食店,301057
E913876214,飲食店,419243
E913849452,飲食店,223129
E913873599,飲食店,222710
E913849846,飲食店,324275
E913876199,飲食店,217819
E913844375,飲食店,216876
E913873986,飲食店,292594
E913849879,飲食店,333406
E913873595,飲食店,616014
E913873646,飲食店,209066
E913881482,飲食店,203079
E913873913,飲食店,402823
E913873583,飲食店,310749
E913881411,飲食店,188287
E913845215,飲食店,191459
E913873165,飲食店,186102
E913873567,飲食店,482637
E913873673,飲食店,248089
E913881684,飲食店,178199
E913872319,飲食店,263899
E913881481,飲食店,170314
E913766393,飲食店,246025
E913845993,飲食店,175437
E913873238,飲食店,204996
E913873642,飲食店,300787
E913876282,飲食店,166496
E913872628,飲食店,164037
E913881711,飲食店,162899
E913844182,飲食店,162537
E913881672,飲食店,159981
E913876268,飲食店,176058
E913873596,飲食店,157165
E913873977,飲食店,239857
E913873676,飲食店,425997
E913881385,飲食店,148750
E913881373,飲食店,181909
E913873681,飲食店,228135
E913849892,飲食店,141631
E913873645,飲食店,138880
E913881348,飲食店,136725
E913846773,飲食店,246686
E913873564,飲食店,321881
E913873991,飲食店,130147
E913873912,飲食店,255876
E913873677,飲食店,523435
E913881381,飲食店,282940
E913766364,飲食店,123184
E913873255,飲食店,361342
E913848935,飲食店,256631
E913873941,飲食店,415508
E913876243,飲食店,144007
E913845816,飲食店,176907
E913876345,飲食店,136427
E913873259,飲食店,245559
E913873674,飲食店,166204
E913881663,飲食店,112085
E913873252,飲食店,253619
E913846745,飲食店,109281
E913881682,飲食店,227437
E913873226,飲食店,107147
E913873539,飲食店,440480
E913873956,飲食店,104784
E913848933,飲食店,236174
E913873629,飲食店,103637
E913766641,飲食店,99085
E913844173,飲食店,189606
E913882148,飲食店,305836
E913845968,飲食店,93972
E913873614,飲食店,90905
E913873559,飲食店,137607
E913846748,飲食店,106361
E913881659,飲食店,83902
E913873925,飲食店,82243
E913872293,飲食店,79518
E913873228,飲食店,325572
E913873593,飲食店,175500
E913881661,飲食店,78613
E913845544,飲食店,107708
E913872296,飲食店,73968
E913873917,飲食店,147972
E913845216,飲食店,120915
E913881421,飲食店,99205
E913873235,飲食店,71240
E913873649,飲食店,85816
E913876344,飲食店,62460
E913873538,飲食店,60639
E913844169,飲食店,100129
E913849946,飲食店,56445
E913873169,飲食店,81252
E913844366,飲食店,55756
E913849944,飲食店,54973
E913873641,飲食店,70820
E913881383,飲食店,51635
E913766392,飲食店,51290
E913881653,飲食店,51227
E913873258,飲食店,50991
E913849849,飲食店,82324
E913848981,飲食店,64144
E913881688,飲食店,48937
E913873643,飲食店,47369
E913873935,飲食店,47000
E913876532,飲食店,44321
E913845161,飲食店,42122
E913844372,飲食店,78743
E913876278,飲食店,41017
E913845823,飲食店,69599
E913873594,飲食店,37974
E913881932,飲食店,36810
E913872624,飲食店,36506
E913881657,飲食店,67974
E913848699,飲食店,34668
E913876292,飲食店,33279
E913873558,飲食店,32724
E913873563,飲食店,30713
E913876218,飲食店,29864
E913845937,飲食店,28403
E913882424,飲食店,27133
E913873617,飲食店,27130
E913848929,飲食店,31000
E913873298,飲食店,26274
E913873144,飲食店,25354
E913881655,飲食店,24666
E913849981,飲食店,24000
E913844388,飲食店,23563
E913849643,飲食店,22970
E913845211,飲食店,20859
E913872932,飲食店,19160
E913876274,飲食店,18936
E913845427,飲食店,18600
E913848952,飲食店,18000
E913873661,飲食店,17999
E913844621,飲食店,15240
E913844358,飲食店,14708
E913849897,飲食店,19021
E913845627,飲食店,13395
E913873282,飲食店,12760
E913873533,飲食店,12606
E913845962,飲食店,12558
E913873933,飲食店,11335
E913766369,飲食店,9400
E913873658,飲食店,8994
E913873651,飲食店,8900
E913857759,飲食店,8731
E913873141,飲食店,12330
E913876347,飲食店,8390
E913873518,飲食店,8283
E913873327,飲食店,8000
E913849535,飲食店,7300
E913881349,飲食店,7150
E913849473,飲食店,10870
E913873566,飲食店,6000
E913881358,飲食店,6000
E913849534,飲食店,5730
E913873233,飲食店,4470
E913881197,飲食店,4400
E913873135,飲食店,4000
E913873253,飲食店,3000
E913873275,飲食店,2491
E913849477,飲食店,1500
E913873337,飲食店,800
E913876341,ガソリンスタンド,897051
E913876267,ガソリンスタンド,496077
E913876344,ガソリンスタンド,479000
E913846742,ガソリンスタンド,475000
E913881684,ガソリンスタンド,379075
E913873649,ガソリンスタンド,360500
E913873264,ガソリンスタンド,348345
E913873983,ガソリンスタンド,365000
E913846748,ガソリンスタンド,380892
E913873267,ガソリンスタンド,250500
E913849891,ガソリンスタンド,247037
E913873652,ガソリンスタンド,232390
E913873261,ガソリンスタンド,205000
E913846743,ガソリンスタンド,200429
E913846749,ガソリンスタンド,184866
E913873614,ガソリンスタンド,183758
E913873687,ガソリンスタンド,603690
E913873921,ガソリンスタンド,163000
E913876227,ガソリンスタンド,159002
E913873592,ガソリンスタンド,151000
E913844366,ガソリンスタンド,143293
E913873678,ガソリンスタンド,226141
E913845966,ガソリンスタンド,134000
E913873699,ガソリンスタンド,131000
E913873598,ガソリンスタンド,130301
E913873229,ガソリンスタンド,121165
E913873258,ガソリンスタンド,119000
E913849852,ガソリンスタンド,111015
E913846773,ガソリンスタンド,129635
E913876242,ガソリンスタンド,108111
E913873941,ガソリンスタンド,171695
E913849595,ガソリンスタンド,104300
E913873953,ガソリンスタンド,103520
E913849873,ガソリンスタンド,247645
E913844384,ガソリンスタンド,94500
E913844381,ガソリンスタンド,94000
E913846744,ガソリンスタンド,173032
E913873645,ガソリンスタンド,88500
E913845576,ガソリンスタンド,86406
E913873895,ガソリンスタンド,80374
E913873593,ガソリンスタンド,90000
E913873563,ガソリンスタンド,70000
E913873539,ガソリンスタンド,69237
E913873299,ガソリンスタンド,67000
E913873561,ガソリンスタンド,65000
E913873677,ガソリンスタンド,61000
E913845546,ガソリンスタンド,57940
E913845543,ガソリンスタンド,57133
E913849894,ガソリンスタンド,54159
E913881382,ガソリンスタンド,53525
E913849897,ガソリンスタンド,52000
E913766369,ガソリンスタンド,47387
E913844373,ガソリンスタンド,86170
E913844359,ガソリンスタンド,64588
E913873569,ガソリンスタンド,35175
E913873564,ガソリンスタンド,30597
E913873671,ガソリンスタンド,28999
E913873689,ガソリンスタンド,28924
E913873583,ガソリンスタンド,28000
E913844165,ガソリンスタンド,26655
E913849987,ガソリンスタンド,34715
E913873618,ガソリンスタンド,21000
E913873759,ガソリンスタンド,20000
E913873976,ガソリンスタンド,19419
E913873631,ガソリンスタンド,19000
E913849856,ガソリンスタンド,12041
E913873648,ガソリンスタンド,11000
E913849881,ガソリンスタンド,7260
E913873898,ガソリンスタンド,6802
E913873247,ガソリンスタンド,6640
E913873682,ガソリンスタンド,2000
E913873593,運転代行,14460
E913881373,運転代行,12000
E913876234,運転代行,7000
E913873595,運転代行,6400
E913849893,運転代行,5800
E913873679,運転代行,2000
E913849595,小売店,18976675
E913873647,小売店,45211127
E913876214,小売店,7999207
E913876283,小売店,3101410
E913876346,小売店,3352693
E913845545,小売店,3204114
E913844376,小売店,5049238
E913849894,小売店,3342857
E913846749,小売店,12662886
E913844382,小売店,4507760
E913876291,小売店,4564581
E913873921,小売店,8774597
E913881672,小売店,2161601
E913873922,小売店,3774462
E913873229,小売店,2669537
E913845165,小売店,1906674
E913881459,小売店,1878354
E913846744,小売店,15172801
E913846745,小売店,3173545
E913849882,小売店,1645232
E913873696,小売店,1423461
E913844169,小売店,2385073
E913846747,小売店,3235635
E913876259,小売店,1337567
E913873977,小売店,3308313
E913873518,小売店,1505593
E913876193,小売店,2269992
E913845213,小売店,1278308
E913873672,小売店,1274659
E913846743,小売店,1304244
E913876344,小売店,1517588
E913873687,小売店,3511518
E913873636,小売店,1101830
E913876254,小売店,1249144
E913845812,小売店,1075745
E913881467,小売店,2803424
E913876246,小売店,1377433
E913845466,小売店,1005961
E913844381,小売店,1988079
E913873234,小売店,1651023
E913873264,小売店,1528876
E913873231,小売店,1179978
E913848984,小売店,873725
E913873929,小売店,803476
E913876196,小売店,1258377
E913845917,小売店,783170
E913849891,小売店,1378705
E913873592,小売店,1007163
E913873261,小売店,897379
E913881482,小売店,695691
E913849856,小売店,695198
E913846748,小売店,1099549
E913876257,小売店,1030084
E913873991,小売店,1546630
E913845966,小売店,1088797
E913849876,小売店,626095
E913873682,小売店,619259
E913845963,小売店,822537
E913845969,小売店,614075
E913846741,小売店,670924
E913849897,小売店,1177585
E913882148,小売店,596635
E913873983,小売店,715662
E913873275,小売店,567026
E913873673,小売店,1637812
E913876342,小売店,1174494
E913873642,小売店,1155656
E913876267,小売店,2095113
E913846757,小売店,526850
E913766367,小売店,520894
E913873562,小売店,911787
E913873956,小売店,510550
E913873238,小売店,509043
E913881373,小売店,565051
E913845835,小売店,856822
E913873228,小売店,526823
E913873674,小売店,468986
E913873941,小売店,940320
E913844182,小売店,454110
E913876248,小売店,647755
E913881623,小売店,486312
E913873252,小売店,556736
E913849879,小売店,926979
E913766393,小売店,721210
E913881676,小売店,654978
E913876251,小売店,482010
E913844364,小売店,405446
E913881576,小売店,401963
E913881658,小売店,486141
E913873563,小売店,408382
E913881723,小売店,367182
E913873699,小売店,360451
E913881382,小売店,471428
E913873649,小売店,1102180
E913873283,小売店,658305
E913844147,小売店,356516
E913876284,小売店,382068
E913846742,小売店,359829
E913873973,小売店,347815
E913873561,小売店,714127
E913873646,小売店,562271
E913873677,小売店,898985
E913873255,小売店,543399
E913873918,小売店,613523
E913844167,小売店,310106
E913873685,小売店,297865
E913881348,小売店,549735
E913873944,小売店,925864
E913844384,小売店,347152
E913849873,小売店,568153
E913873681,小売店,828009
E913873678,小売店,750096
E913873595,小売店,787705
E913873643,小売店,636039
E913873112,小売店,273867
E913849946,小売店,271541
E913873648,小売店,290936
E913873565,小売店,265502
E913873593,小売店,513810
E913873654,小売店,258741
E913873641,小売店,393510
E913873679,小売店,519134
E913844359,小売店,255844
E913846772,小売店,342328
E913873538,小売店,357628
E913873936,小売店,243598
E913873539,小売店,1167586
E913873223,小売店,238139
E913881349,小売店,335140
E913873959,小売店,236002
E913881711,小売店,235707
E913873559,小売店,534371
E913873986,小売店,230158
E913849884,小売店,358460
E913881656,小売店,208250
E913881691,小売店,208184
E913873614,小売店,202090
E913849597,小売店,367514
E913849827,小売店,198280
E913873979,小売店,198152
E913873994,小売店,196040
E913881673,小売店,192679
E913873758,小売店,191888
E913849886,小売店,275036
E913873165,小売店,186102
E913873596,小売店,242208
E913845547,小売店,184980
E913881357,小売店,207201
E913873657,小売店,338310
E913845129,小売店,180233
E913873564,小売店,178563
E913849849,小売店,302802
E913881381,小売店,208303
E913873256,小売店,197813
E913873895,小売店,176892
E913873854,小売店,176240
E913873598,小売店,363480
E913873583,小売店,263931
E913873115,小売店,171644
E913873967,小売店,167162
E913881682,小売店,165925
E913845831,小売店,165658
E913873833,小売店,231124
E913881384,小売店,162896
E913873141,小売店,158636
E913849854,小売店,166924
E913849842,小売店,227250
E913873671,小売店,847945
E913846773,小売店,407237
E913849881,小売店,395870
E913876245,小売店,501831
E913857759,小売店,226930
E913849887,小売店,142157
E913873144,小売店,162846
E913873675,小売店,157680
E913849872,小売店,136440
E913873553,小売店,129620
E913849975,小売店,128520
E913849984,小売店,172257
E913858881,小売店,124011
E913766392,小売店,175299
E913873599,小売店,219876
E913873947,小売店,169956
E913881659,小売店,129374
E913873532,小売店,121592
E913873952,小売店,118783
E913844621,小売店,158268
E913873567,小売店,115211
E913873247,小売店,242814
E913873337,小売店,142038
E913849168,小売店,111365
E913873594,小売店,109766
E913873676,小売店,137149
E913845822,小売店,107876
E913873281,小売店,107020
E913849976,小売店,106304
E913881421,小売店,104628
E913873116,小売店,102155
E913873927,小売店,101675
E913881385,小売店,101410
E913873237,小売店,95114
E913872319,小売店,87800
E913873698,小売店,86829
E913881376,小売店,85053
E913881574,小売店,81604
E913849851,小売店,81354
E913844625,小売店,80412
E913844317,小売店,79687
E913876278,小売店,79509
E913844373,小売店,127488
E913881358,小売店,74970
E913873645,小売店,73723
E913873327,小売店,71565
E913845573,小売店,71360
E913881411,小売店,71285
E913873245,小売店,71358
E913845962,小売店,141937
E913872342,小売店,84400
E913845819,小売店,62554
E913873258,小売店,104939
E913849857,小売店,81176
E913876247,小売店,106752
E913876341,小売店,49862
E913849612,小売店,49795
E913849866,小売店,48914
E913873999,小売店,45477
E913873915,小売店,44034
E913881653,小売店,43298
E913844168,小売店,41182
E913881714,小売店,40948
E913873933,小売店,40612
E913844171,小売店,38350
E913876268,小売店,38256
E913846491,小売店,38050
E913876347,小売店,37921
E913873591,小売店,36720
E913873558,小売店,57242
E913873169,小売店,35510
E913873617,小売店,32069
E913873317,小売店,30057
E913844173,小売店,28000
E913844369,小売店,26208
E913882182,小売店,25591
E913766369,小売店,33941
E913881681,小売店,23369
E913873361,小売店,61296
E913876345,小売店,35328
E913845215,小売店,19925
E913873942,小売店,19843
E913873976,小売店,23770
E913873117,小売店,16000
E913873295,小売店,14950
E913873932,小売店,14763
E913844387,小売店,23921
E913876611,小売店,13669
E913873913,小売店,21268
E913873259,小売店,13133
E913873618,小売店,12904
E913849113,小売店,12650
E913873294,小売店,12291
E913876243,小売店,11500
E913845154,小売店,11499
E913873226,小売店,10000
E913766357,小売店,9174
E913849981,小売店,10340
E913873925,小売店,8763
E913873324,小売店,8659
E913841858,小売店,8527
E913849843,小売店,8270
E913845546,小売店,8020
E913873569,小売店,7827
E913876249,小売店,7160
E913873212,小売店,6000
E913881589,小売店,3910
E913849535,小売店,3552
E913844192,小売店,2000
E913849878,小売店,2000
E913881785,小売店,1970
E913873684,小売店,660
E913882148,その他,2247322
E913876196,その他,1731933
E913873647,その他,505277
E913873396,その他,254245
E913841754,その他,180552
E913845966,その他,114113
E913873671,その他,105819
E913881664,その他,77748
E913844373,その他,60935
E913873264,その他,61180
E913873687,その他,47000
E913873649,その他,41959
E913873226,その他,23904
E913873255,その他,26003
E913844384,その他,14681
E913873657,その他,12000
E913873234,その他,11700
E913873681,その他,11170
E913849897,その他,11063
E913846748,その他,11052
E913873941,その他,10963
E913873642,その他,11785
E913873913,その他,10400
E913845213,その他,10000
E913873947,その他,8514
E913873921,その他,15706
E913873677,その他,10756
E913873673,その他,7084
E913873539,その他,11080
E913876254,その他,6455
E913849597,その他,6160
E913845832,その他,6104
E913846747,その他,6000
E913846745,その他,5775
E913873918,その他,5730
E913873654,その他,5302
E913849886,その他,5300
E913849873,その他,5000
E913844359,その他,5000
E913873977,その他,5000
E913873944,その他,4640
E913873591,その他,4290
E913849754,その他,4000
E913873563,その他,4000
E913873983,その他,4740
E913873259,その他,3405
E913849879,その他,2002
E913873583,その他,2000
E913881358,その他,2000
E913881711,その他,1775
E913873688,その他,1500
E913766369,その他,1500
E913873599,その他,1360
E913873645,その他,770
E913873141,その他,495
E913876267,宿泊施設,42985768
E913882475,宿泊施設,9623127
E913876291,宿泊施設,11596814
E913876249,宿泊施設,11203390
E913876278,宿泊施設,6634163
E913873561,宿泊施設,2427757
E913845498,宿泊施設,1965811
E913876259,宿泊施設,1777647
E913857738,宿泊施設,1579776
E913845816,宿泊施設,2655150
E913848981,宿泊施設,1567762
E913844373,宿泊施設,1530876
E913873744,宿泊施設,1138150
E913881467,宿泊施設,1108820
E913844169,宿泊施設,998105
E913876214,宿泊施設,940963
E913876612,宿泊施設,917050
E913873647,宿泊施設,944865
E913873185,宿泊施設,773430
E913849648,宿泊施設,761089
E913844651,宿泊施設,637903
E913845723,宿泊施設,984530
E913849891,宿泊施設,604821
E913881787,宿泊施設,599332
E913872932,宿泊施設,598489
E913845548,宿泊施設,577986
E913873783,宿泊施設,508778
E913881421,宿泊施設,499170
E913873264,宿泊施設,492687
E913881117,宿泊施設,490815
E913766539,宿泊施設,483300
E913873671,宿泊施設,453619
E913873746,宿泊施設,429070
E913845998,宿泊施設,416600
E913876199,宿泊施設,329807
E913844372,宿泊施設,415185
E913845455,宿泊施設,314550
E913845727,宿泊施設,287148
E913848368,宿泊施設,279740
E913844636,宿泊施設,277205
E913846755,宿泊施設,253304
E913844376,宿泊施設,241115
E913873928,宿泊施設,237119
E913873592,宿泊施設,211622
E913844248,宿泊施設,179027
E913848341,宿泊施設,178930
E913873921,宿泊施設,173537
E913876292,宿泊施設,170960
E913873848,宿泊施設,140537
E913848984,宿泊施設,295578
E913872266,宿泊施設,129980
E913845483,宿泊施設,388592
E913845814,宿泊施設,191070
E913873112,宿泊施設,121569
E913873229,宿泊施設,100024
E913766641,宿泊施設,99085
E913844173,宿泊施設,133787
E913841754,宿泊施設,92100
E913881953,宿泊施設,86450
E913848335,宿泊施設,86115
E913872652,宿泊施設,71000
E913873758,宿泊施設,70900
E913876196,宿泊施設,67292
E913876247,宿泊施設,61130
E913844638,宿泊施設,114430
E913845728,宿泊施設,48980
E913766393,宿泊施設,46117
E913872344,宿泊施設,58106
E913876242,宿泊施設,41802
E913766385,宿泊施設,40743
E913844171,宿泊施設,38350
E913844653,宿泊施設,33365
E913848957,宿泊施設,32680
E913881373,宿泊施設,32600
E913846749,宿泊施設,31970
E913873234,宿泊施設,31140
E913872293,宿泊施設,35290
E913845745,宿泊施設,38480
E913873259,宿泊施設,22072
E913845211,宿泊施設,20859
E913845427,宿泊施設,18600
E913873569,宿泊施設,16800
E913848362,宿泊施設,16000
E913876268,宿泊施設,14980
E913873825,宿泊施設,12100
E913873596,宿泊施設,11775
E913876279,宿泊施設,11295
E913849881,宿泊施設,10624
E913849535,宿泊施設,10298
E913873648,宿泊施設,10772
E913881349,宿泊施設,7150
E913841883,宿泊施設,5981
E913845812,宿泊施設,4000
E913872374,宿泊施設,3000
E913872321,宿泊施設,1800
E913846757,宿泊施設,830
E913876278,観光施設（遊園地、動物園、温泉施設、観光農園等）,9951220
E913876292,観光施設（遊園地、動物園、温泉施設、観光農園等）,6780397
E913876288,観光施設（遊園地、動物園、温泉施設、観光農園等）,5464917
E913876267,観光施設（遊園地、動物園、温泉施設、観光農園等）,3507581
E913876291,観光施設（遊園地、動物園、温泉施設、観光農園等）,2964441
E913848987,観光施設（遊園地、動物園、温泉施設、観光農園等）,3293198
E913845812,観光施設（遊園地、動物園、温泉施設、観光農園等）,1870120
E913849818,観光施設（遊園地、動物園、温泉施設、観光農園等）,1107519
E913873687,観光施設（遊園地、動物園、温泉施設、観光農園等）,960645
E913846744,観光施設（遊園地、動物園、温泉施設、観光農園等）,1260021
E913873185,観光施設（遊園地、動物園、温泉施設、観光農園等）,773430
E913876193,観光施設（遊園地、動物園、温泉施設、観光農園等）,547910
E913873235,観光施設（遊園地、動物園、温泉施設、観光農園等）,265905
E913873676,観光施設（遊園地、動物園、温泉施設、観光農園等）,252220
E913876247,観光施設（遊園地、動物園、温泉施設、観光農園等）,182500
E913872342,観光施設（遊園地、動物園、温泉施設、観光農園等）,100254
E913873647,観光施設（遊園地、動物園、温泉施設、観光農園等）,97221
E913881623,観光施設（遊園地、動物園、温泉施設、観光農園等）,64136
E913844375,観光施設（遊園地、動物園、温泉施設、観光農園等）,43513
E913844182,観光施設（遊園地、動物園、温泉施設、観光農園等）,27240
E913876353,観光施設（遊園地、動物園、温泉施設、観光農園等）,23730
E913873824,観光施設（遊園地、動物園、温泉施設、観光農園等）,16248
E913872652,観光施設（遊園地、動物園、温泉施設、観光農園等）,15300
E913849868,観光施設（遊園地、動物園、温泉施設、観光農園等）,8160
E913849882,観光施設（遊園地、動物園、温泉施設、観光農園等）,4020
E913882475,スポーツ・アクティビティ・体験施設,5313201
E913882317,スポーツ・アクティビティ・体験施設,1899948
E913844376,スポーツ・アクティビティ・体験施設,507154
E913846744,スポーツ・アクティビティ・体験施設,241855
E913857738,スポーツ・アクティビティ・体験施設,235959
E913876634,スポーツ・アクティビティ・体験施設,171415
E913876382,スポーツ・アクティビティ・体験施設,234215
E913844375,スポーツ・アクティビティ・体験施設,105109
E913876643,スポーツ・アクティビティ・体験施設,100000
E913876381,スポーツ・アクティビティ・体験施設,97791
E913845497,スポーツ・アクティビティ・体験施設,93890
E913873688,スポーツ・アクティビティ・体験施設,87000
E913876365,スポーツ・アクティビティ・体験施設,72518
E913873687,スポーツ・アクティビティ・体験施設,63571
E913845816,スポーツ・アクティビティ・体験施設,62892
E913873655,スポーツ・アクティビティ・体験施設,61000
E913849295,スポーツ・アクティビティ・体験施設,52122
E913857759,スポーツ・アクティビティ・体験施設,33785
E913845823,スポーツ・アクティビティ・体験施設,17245
E913873671,スポーツ・アクティビティ・体験施設,15000
E913848954,スポーツ・アクティビティ・体験施設,11000
E913873264,スポーツ・アクティビティ・体験施設,4200
E913846772,タクシー,195749
E913849873,タクシー,159422
E913849882,タクシー,129290
E913873229,タクシー,155536
E913873678,タクシー,102173
E913876267,タクシー,240530
E913844376,タクシー,88044
E913846773,タクシー,82685
E913873553,タクシー,397167
E913873654,タクシー,47090
E913881711,タクシー,38773
E913876342,タクシー,54152
E913873679,タクシー,254341
E913844367,タクシー,21680
E913846746,タクシー,20940
E913881684,タクシー,16060
E913873592,タクシー,15900
E913876268,タクシー,14140
E913873911,タクシー,11220
E913881476,タクシー,11130
E913881357,タクシー,9950
E913876343,タクシー,8430
E913873294,タクシー,8210
E913873535,タクシー,7800
E913881655,タクシー,7560
E913873645,タクシー,3810
E913881381,タクシー,3300
E913873298,タクシー,4966
E913873916,タクシー,2110
E913873539,タクシー,2000
E913873642,タクシー,1814
E913873583,タクシー,1750
E913873597,タクシー,1680
E913873681,タクシー,1300
E913873912,タクシー,1210
E913873991,タクシー,1100
E913873556,タクシー,1000
E913873647,コンビニ・スーパー,15064182
E913846749,コンビニ・スーパー,13863076
E913873671,コンビニ・スーパー,7678481
E913849882,コンビニ・スーパー,4470395
E913876291,コンビニ・スーパー,4222691
E913873234,コンビニ・スーパー,4427992
E913873687,コンビニ・スーパー,2006362
E913849891,コンビニ・スーパー,2916832
E913844381,コンビニ・スーパー,2699854
E913873264,コンビニ・スーパー,3137322
E913876267,コンビニ・スーパー,1740808
E913876246,コンビニ・スーパー,1371491
E913876346,コンビニ・スーパー,1300894
E913766369,コンビニ・スーパー,1293304
E913846741,コンビニ・スーパー,1698369
E913846772,コンビニ・スーパー,1183976
E913844169,コンビニ・スーパー,1165730
E913876341,コンビニ・スーパー,1143987
E913845966,コンビニ・スーパー,1560536
E913873268,コンビニ・スーパー,1763357
E913846748,コンビニ・スーパー,964005
E913876268,コンビニ・スーパー,954617
E913846742,コンビニ・スーパー,943720
E913873654,コンビニ・スーパー,1423039
E913873229,コンビニ・スーパー,883619
E913849873,コンビニ・スーパー,1189907
E913873944,コンビニ・スーパー,1185787
E913876392,コンビニ・スーパー,738823
E913873539,コンビニ・スーパー,754233
E913873592,コンビニ・スーパー,1098691
E913766393,コンビニ・スーパー,685485
E913873228,コンビニ・スーパー,864972
E913873649,コンビニ・スーパー,1242386
E913873642,コンビニ・スーパー,1226954
E913873238,コンビニ・スーパー,618969
E913873599,コンビニ・スーパー,766154
E913849886,コンビニ・スーパー,860222
E913873596,コンビニ・スーパー,540208
E913845963,コンビニ・スーパー,527339
E913873681,コンビニ・スーパー,1110383
E913873928,コンビニ・スーパー,655709
E913873673,コンビニ・スーパー,969715
E913873231,コンビニ・スーパー,472089
E913876249,コンビニ・スーパー,456009
E913873675,コンビニ・スーパー,455449
E913881658,コンビニ・スーパー,917951
E913873676,コンビニ・スーパー,600028
E913873679,コンビニ・スーパー,427796
E913873677,コンビニ・スーパー,405643
E913873678,コンビニ・スーパー,587263
E913873917,コンビニ・スーパー,396555
E913873559,コンビニ・スーパー,378604
E913873991,コンビニ・スーパー,376687
E913873565,コンビニ・スーパー,451701
E913845548,コンビニ・スーパー,368541
E913844359,コンビニ・スーパー,367204
E913881653,コンビニ・スーパー,364414
E913876254,コンビニ・スーパー,359140
E913873614,コンビニ・スーパー,412472
E913873945,コンビニ・スーパー,560613
E913873912,コンビニ・スーパー,342376
E913873658,コンビニ・スーパー,390499
E913873911,コンビニ・スーパー,321954
E913846757,コンビニ・スーパー,317156
E913849879,コンビニ・スーパー,315694
E913873918,コンビニ・スーパー,370241
E913873591,コンビニ・スーパー,346930
E913881714,コンビニ・スーパー,301372
E913849884,コンビニ・スーパー,438539
E913873967,コンビニ・スーパー,289075
E913873983,コンビニ・スーパー,288740
E913849854,コンビニ・スーパー,282481
E913845546,コンビニ・スーパー,264423
E913873932,コンビニ・スーパー,261931
E913873645,コンビニ・スーパー,260052
E913873255,コンビニ・スーパー,258714
E913873258,コンビニ・スーパー,250767
E913849897,コンビニ・スーパー,250723
E913849894,コンビニ・スーパー,243744
E913873595,コンビニ・スーパー,475221
E913881682,コンビニ・スーパー,237840
E913873267,コンビニ・スーパー,341200
E913873283,コンビニ・スーパー,267874
E913881722,コンビニ・スーパー,224796
E913873538,コンビニ・スーパー,223731
E913873327,コンビニ・スーパー,218583
E913849855,コンビニ・スーパー,412087
E913873555,コンビニ・スーパー,207386
E913873226,コンビニ・スーパー,201939
E913873953,コンビニ・スーパー,199020
E913846747,コンビニ・スーパー,191550
E913873236,コンビニ・スーパー,188784
E913873144,コンビニ・スーパー,183614
E913873915,コンビニ・スーパー,180363
E913881383,コンビニ・スーパー,171283
E913881349,コンビニ・スーパー,166342
E913849896,コンビニ・スーパー,162132
E913881384,コンビニ・スーパー,156960
E913873951,コンビニ・スーパー,154792
E913873568,コンビニ・スーパー,142994
E913873982,コンビニ・スーパー,142764
E913881358,コンビニ・スーパー,139189
E913849597,コンビニ・スーパー,137646
E913873564,コンビニ・スーパー,135239
E913873247,コンビニ・スーパー,135001
E913873892,コンビニ・スーパー,134884
E913873641,コンビニ・スーパー,219207
E913881381,コンビニ・スーパー,132908
E913849851,コンビニ・スーパー,128489
E913873854,コンビニ・スーパー,125600
E913873553,コンビニ・スーパー,124083
E913873593,コンビニ・スーパー,121927
E913881357,コンビニ・スーパー,117110
E913873259,コンビニ・スーパー,115380
E913849846,コンビニ・スーパー,107350
E913873561,コンビニ・スーパー,170914
E913873562,コンビニ・スーパー,155926
E913873977,コンビニ・スーパー,100826
E913873935,コンビニ・スーパー,92680
E913845275,コンビニ・スーパー,89432
E913873643,コンビニ・スーパー,86628
E913873655,コンビニ・スーパー,83517
E913873532,コンビニ・スーパー,136284
E913873636,コンビニ・スーパー,78903
E913849595,コンビニ・スーパー,93908
E913876232,コンビニ・スーパー,77086
E913876317,コンビニ・スーパー,73737
E913849122,コンビニ・スーパー,67202
E913849827,コンビニ・スーパー,62590
E913872363,コンビニ・スーパー,61332
E913849976,コンビニ・スーパー,57007
E913849594,コンビニ・スーパー,55679
E913873941,コンビニ・スーパー,52675
E913873294,コンビニ・スーパー,47976
E913873936,コンビニ・スーパー,47320
E913873657,コンビニ・スーパー,78846
E913849887,コンビニ・スーパー,38774
E913881355,コンビニ・スーパー,38720
E913873142,コンビニ・スーパー,37661
E913873862,コンビニ・スーパー,23380
E913881512,コンビニ・スーパー,20211
E913881382,コンビニ・スーパー,19646
E913873598,コンビニ・スーパー,17287
E913873939,コンビニ・スーパー,724
E913873647,テイクアウト,1643293
E913844376,テイクアウト,616990
E913846749,テイクアウト,590687
E913845812,テイクアウト,606310
E913876254,テイクアウト,311037
E913876341,テイクアウト,267500
E913845546,テイクアウト,230837
E913849595,テイクアウト,383881
E913876267,テイクアウト,170230
E913849881,テイクアウト,192323
E913873687,テイクアウト,232374
E913881459,テイクアウト,151314
E913881482,テイクアウト,148065
E913766364,テイクアウト,123184
E913876243,テイクアウト,115227
E913846747,テイクアウト,110754
E913846744,テイクアウト,88702
E913876245,テイクアウト,85233
E913873671,テイクアウト,144604
E913845216,テイクアウト,48798
E913881711,テイクアウト,46686
E913873649,テイクアウト,32591
E913873569,テイクアウト,27456
E913873921,テイクアウト,34517
E913849868,テイクアウト,18102
E913873228,テイクアウト,17300
E913873598,テイクアウト,16958
E913873677,テイクアウト,23373
E913844387,テイクアウト,13788
E913873567,テイクアウト,10500
E913873991,テイクアウト,9120
E913873679,テイクアウト,8180
E913849535,テイクアウト,7300
E913873259,テイクアウト,6000
E913882148,テイクアウト,4595
E913873396,テイクアウト,2580
E913881381,テイクアウト,1000
E913845548,レンタカー,577986
E913873648,レンタカー,340786
E913873647,レンタカー,231850
E913876346,レンタカー,200608
E913873672,レンタカー,98313
E913873569,レンタカー,93835
E913846749,レンタカー,174345
E913849882,レンタカー,49967
E913849873,レンタカー,20915
E913844381,レンタカー,20886
E913845966,レンタカー,6000
E913873595,レンタカー,4000
E913881388,レンタカー,4000
E913873678,レンタカー,2000
E913849887,レンタカー,2000
E913873337,文化施設・劇場・映画館等,113608
E913873112,文化施設・劇場・映画館等,75073
E913873647,文化施設・劇場・映画館等,68494
E913849881,文化施設・劇場・映画館等,54207
E913876383,文化施設・劇場・映画館等,32640
E913873671,文化施設・劇場・映画館等,11383
E913845494,バス・鉄道・海上輸送等,107510
E913849882,バス・鉄道・海上輸送等,9555
E913873674,バス・鉄道・海上輸送等,4700
E913873259,バス・鉄道・海上輸送等,300
E913876291,ふくいdeお得クーポン取扱店,320410
E913873671,ふくいdeお得クーポン取扱店,53800
E913873672,ふくいdeお得クーポン取扱店,30783
